title	description	snippet
Trump mocks Justin Trudeau, calls him 'Governor of the great state of Canada'	Washington: US President-elect Donald Trump took a jab at Canadian Prime Minister Justin Trudeau on the social media platform Truth Social, describing him as th...	Washington: US President-elect Donald Trump took a jab at Canadian Prime Minister Justin Trudeau on the social media platform Truth Social, describing him as th...
â€œAddicted To Powerful Menâ€: Katy Perry And Justin Trudeau Get Cozy On A Yacht In Steamy New Pics	â€œJustin could. not. stop grinning.	"ADVERTISEMENT

Itâ€™s official; singer Katy Perry and former Canadian Prime Minister Justin Trudeau are intimateâ€”as can be seen from a recent steamy make out ..."
How comedian Mark Critch landed the only year-end interview with Justin Trudeau	The prime minister spoke about whether or not he'd resign and his fatherâ€™s political trajectory in a now exclusive conversation with Critch.	"The Current 19:45 How Mark Critch got an accidental exclusive with Justin Trudeau

Mark Critch says it was pure luck and good timing that he, the self-titled ""c..."
Trump Bullies Justin Trudeau Over Tariffs in Weird Rant	Donald Trump doubled down on the tariffs in a confusing reversal.	â€œJustin Trudeau, of Canada, called me to ask what could be done about Tariffs,â€ Trump posted on Truth Social Wednesday. â€œI told him that many people have ...
Justin Trudeau hasn't met Katy Perry's friends yet; prediction markets doubt engagement in 2025	US News: Prediction markets like Polymarket and Kalshi saw a rise in online betting on Justin Trudeau and Katy Perry's relationship as the duo walked hand in h.	"Justin Trudeau, Katy Perry appeared hand-in-hand at Katy's birthday party in Paris.





Prediction markets like Polymarket and Kalshi saw a rise in online bett..."
Trudeau set to visit King Charles before flying home to Ottawa after security summit	LONDON â€” Prime Minister Justin Trudeau planned to meet with King Charles today before leaving London for Ottawa. Trudeau was in London for a weekend security ...	"LONDON â€” Prime Minister Justin Trudeau planned to meet with King Charles today before leaving London for Ottawa.

Trudeau was in London for a weekend security..."
Trudeau set to meet with King Charles before returning to Ottawa after security summit	Trudeau said he would raise matters with the King that are most important to Canadians, adding that Canada's sovereignty and independence seem to be atop the pu...	"Prime Minister Justin Trudeau planned to meet with King Charles today before leaving London for Ottawa.

Trudeau was in London for a weekend security summit, ma..."
Justin Trudeau resigns: How will it impact B.C.? And other questions	Here's what to know about Trudeau's resignation and how it might impact B.C.	"This advertisement has not loaded yet, but your article continues below.

Justin Trudeau resigns: How will it impact B.C.? And other questions Here's what to kn..."
Katy Perry reportedly 'very happy' in her romance with Justin Trudeau: 'She's really into it'	Katy Perry is reportedly dating former Canadian Prime Minister Justin Trudeau, according to Us Weekly sources. The pair were photographed together in July and O...	"Katy Perry and Justin Trudeau photographed together multiple times

Live Events

Perry addresses dating during London concert

Katy Perry split from Orlando Blo..."
ğŸ˜¬ â€œShe Thought It Was a Date!â€ Katy Perry Mortified After Justin Trudeau Crushes Romance Rumors	It began casually: Perry, Trudeau, and Perryâ€™s adorable therapy pup Nugget were photographed strolling through Mount Royal Park in Montreal. They laughed, cha...	Hold onto your opera-glass, readersâ€”because Katy Perry mayâ€™ve just discovered that in diplomacy, intent matters more than optics. After a cozy walk and dinn...
Premiers call for urgent meeting with Trudeau to discuss Canada-U.S. relations	Canadaâ€™s premiers say they want to meet with Prime Minister Justin Trudeau â€œas soon as possibleâ€ to discuss the Canada-U.S. relationship.	"Canada's premiers say they want to meet with Prime Minister Justin Trudeau ""as soon as possible"" to discuss the Canada-U.S. relationship.

In a letter to Trudea..."
Katy Perry and Former Canadian Prime Minister Justin Trudeau Go to Dinner	Katy Perry and former Canadian Prime Minister Justin Trudeau were spotted dining together in Canada amid her 'Lifetimes Tour'	"Katy Perry and former Canadian Prime Minister Justin Trudeau were spotted dining together.

In footage obtained by TMZ, the twosome sat at a table inside restau..."
Poilievre defends RCMP comments, denies saying Trudeau should be in jail - National	On Wednesday, Poilievre said he thinks there were some scandals during Trudeau's time in office that should have resulted in criminal charges.	"Send this page to someone via email

Conservative Leader Pierre Poilievre defended his comments about the RCMP Wednesday and denied saying former prime minister..."
Poilievre defends RCMP comments and denies saying Trudeau should be in jail	Conservative Leader Pierre Poilievre defended his comments about the RCMP on Wednesday and denied saying former prime minister Justin Trudeau should be in jail.	"Conservative Leader Pierre Poilievre defended his comments about the RCMP Wednesday and denied saying former prime minister Justin Trudeau should be in jail.

""..."
Katy Perry And Justin Trudeau Hard Launch Relationship With First Public Outing	After months of speculation, the pop star and Canadian politician have confirmed their relationship.	"LOADING ERROR LOADING

Katy Perry and Justin Trudeau just popped out together for their first joint public appearance.

The pop superstar, 41, and the former pr..."
Trudeau says call with Trump was 'colourful' and warns trade war will continue for 'foreseeable future'	"Prime Minister Justin Trudeau said Thursday that his phone call with U.S. President Donald Trump was ""colourful"" with moments of tension as the two hashed out h..."	"Prime Minister Justin Trudeau said on Thursday that his phone call with U.S. President Donald Trump was ""colourful"" with moments of tension as the two hashed ou..."
FIRST READING: Harper unloads on Trudeau, Trump in uncharacteristic interview	Until this moment, the ex-prime minister has been quite judicious about avoiding public criticism of his successor	"This advertisement has not loaded yet, but your article continues below.

FIRST READING: Harper unloads on Trudeau, Trump in uncharacteristic interview Until th..."
Trudeau says US tariff war to drag on, Bessent calls him a 'numbskull'	OTTAWA (Reuters) -Canada will be in a trade war with the United States for the foreseeable future, Prime Minister Justin Trudeau said on Thursday, speaking shor...	"By David Ljunggren and Promit Mukherjee

OTTAWA (Reuters) -Canada will be in a trade war with the United States for the foreseeable future, Prime Minister Justi..."
Katy Perry And Justin Trudeau Caught Kissing On A Yacht Amid Dating Rumours, Almost Confirm Relationship!	Katy Perry and actor Orlando Bloom ended their engagement after nearly a decade together.	New Delhi: Pop icon Katy Perry and former Canadian Prime Minister Justin Trudeau have set the rumours about their dating each other on fire. After being spotted...
Canada PM Trudeau visits Florida to meet with Trump amid tariff threat	Canadian Prime Minister Justin Trudeau visited Donald Trump's Florida resort on Friday to meet with the U.S. President-elect, days after Trump threatened to sla...	Canadian Prime Minister Justin Trudeau visited Donald Trump's Florida resort on Friday to meet with the U.S. President-elect, days after Trump threatened to sla...
Canada PM Trudeau visits Florida to meet with Trump amid tariff threat	Canadian Prime Minister Justin Trudeau visited Donald Trump's Florida resort Friday to meet with the U.S. president-elect, days after Trump threatened to slap t...	Canadian Prime Minister Justin Trudeau visited Donald Trump's Florida resort Friday to meet with the U.S. president-elect, days after Trump threatened to slap t...
Trumpâ€™s Return Could Make Trudeau Look Smaller than Ever	Polls suggest the former presidentâ€™s comeback wonâ€™t revive Liberal fortunes	The road ahead will not get any easier for the Trudeau Liberals. With Donald Trump set to retake residence in the White House in Januaryâ€”likely backed by Repu...
Most Canadians now want early election as Trudeau support drops again: poll - National	Ipsos polling done exclusively for Global News was released Friday and shows over half of Canadians believe there should be an early election.	As the Liberal government grapples with political upheaval following the exit of Chrystia Freeland from the federal cabinet, a new Ipsos poll shows most Canadia...
Trudeau Resigns After Nine Years in Power as Liberals Force Him Out	Prime Minister Justin Trudeau is resigning after more than nine years leading Canada, bowing to sagging approval numbers and a rebellion within his political pa...	"This advertisement has not loaded yet, but your article continues below.

Trudeau Resigns After Nine Years in Power as Liberals Force Him Out Prime Minister Jus..."
Trump to Speak with Trudeau as U.S.-Canada Tariff War Looms	President Donald Trump will speak with Canadian Prime Minister Justin Trudeau on Monday afternoon before tariffs take effect Tuesday.	President Donald Trump will speak with Canadian Prime Minister Justin Trudeau on Monday afternoon before the reciprocal 25 percent tariffs between the United St...
Scandalous affairs of world leaders: From Justin Trudeau to Bill Clintonâ€“ 5 shocking political romances	Power, politics, and passion often collide â€” and history has proven that even the most powerful arenâ€™t immune to matters of the heart. From secret romances ...	Former Canadian PM Justin Trudeau and singer Katy Perry have sparked fresh romance rumours after being spotted cozying up on a yacht off Santa Barbara, Californ...
Smitten Justin Trudeau spotted in crowd at Katy Perry's concert with his daughter after viral date	A photo circulating on social media purports to show Justin watching Katy's latest show with his daughter Ella Grace, 16, by his side.	"In a move certain to get people talking, Justin Trudeau has now been spotted attending Katy Perry's concert just days after their unlikely date.

Various posts ..."
Trudeau using tariff issue to â€˜run again for PM,â€™ claims Trump: â€˜Terrible job for Canadaâ€™	US News: The ongoing US-Canada trade dispute took a dramatic turn as President Donald Trump accused Canadian Prime Minister Justin Trudeau of using the tariff .	"US President Donald Trump and Canada Prime Minister Justin Trudeau

The ongoing US-Canada trade dispute took a dramatic turn as President Donald Trump accused C..."
Trudeau travels to Florida in wake of Donald Trump's tariff threat	Prime Minister Justin Trudeau's plane has landed at Palm Beach International Airport, which is used by Donald Trump when the U.S. president-elect travels to his...	Prime Minister Justin Trudeau's plane has landed at Palm Beach International Airport, which is used by Donald Trump when the U.S. president-elect travels to his...
Hereâ€™s What Justin Trudeau Did After He & Katy Perry Spent Time in Montreal, Says Source	Justin Trudeau and Katy Perryâ€™s rumored relationship appears to be heating up, as he's â€œbeen pursuing herâ€ since their meeting in Montreal.	Katy Perry and former Canadian Prime Minister Justin Trudeauâ€™s rumored relationship appears to be gaining momentum. The duo, who were first romantically linke...
Canada PM Trudeau in Florida to meet Trump as tariff threats loom	Biden warns that Trumpâ€™s tariff threats could â€œscrew upâ€ US's relationships with Ottawa, Mexico City.	Canadian Prime Minister Justin Trudeau travelled to Florida on Friday for a dinner with Donald Trump at the president-electâ€™s Mar-a-Lago estate, as the incomi...
Trudeau contemplates his future as the path narrows for him to remain prime minister	Trudeau's decision to demote Chrystia Freeland appears to have backfired spectacularly, igniting a chorus of calls for him to resign, including from several Lib...	"Prime Minister Justin Trudeau is considering his options after Chrystia Freeland's bombshell resignation Monday heightened calls for him to step down.

Freeland..."
Orlando Bloom Reacts to Katy Perry and Justin Trudeau Dating Rumors	Orlando Bloom reacted to a satirical article jokingly linking him to Angela Merkel as Katy Perry and Justin Trudeau spark dating speculation	Orlando Bloom appears to have a good sense of humor after his ex-fiancÃ©e, Katy Perry, was spotted with former Canadian prime minister Justin Trudeau, fueling s...
Sophie Trudeau says she has learnt not to cling to â€˜relationshipsâ€™ after split with PM	Sophie GrÃ©goire Trudeau has â€œlearnt to cut tiesâ€ and â€œnot cling to relationshipsâ€ after the break-up of her marriage to the prime minister of Canada.	"Sophie Trudeau is determined not to put pressure on her three children to enter politics - Anna Moneymaker/Getty Images North America

Yahoo is using AI to gene..."
Trudeau appears on CNN to make case against tariffs to American audience	For the first time since U.S. president-elect Donald Trump threatened hefty tariffs on Canadian goods, Prime Minister Justin Trudeau took his argument against t...	For the first time since U.S. president-elect Donald Trump threatened hefty tariffs on Canadian goods, Prime Minister Justin Trudeau took his argument against t...
Some Liberal MPs repeat calls for Trudeau to quit after Freeland debacle â€” but he still has defenders	Some Liberal MPs said Tuesday Prime Minister Justin Trudeau can't carry on as party leader after the humiliation of Chrystia Freeland's public resignation from ...	Some Liberal MPs said Tuesday Prime Minister Justin Trudeau can't carry on as party leader after the humiliation of Chrystia Freeland's public resignation from ...
Canada's PM Justin Trudeau 'likely' to announce resignation, reports say	While sources say no final decision has been made, some are reporting that Mr Trudeau could announce his resignation as early as today.	"Canadian Prime Minister Justin Trudeau is likely to announce his resignation in the coming days, according to reports.

Sources have told Reuters news agency an..."
Trudeau Caught on Hot Mic Revealing Trumpâ€™s Plans for Canada	Canadian Prime Minister Justin Trudeau told business leaders that U.S. President Donald Trumpâ€™s interest in annexing Canada was a very real plan aimed at cont...	Canadian Prime Minister Justin Trudeau told business leaders that U.S. President Donald Trumpâ€™s interest in annexing Canada was a very real plan aimed at cont...
Did Katy Perry and Justin Trudeau Just Make It Official?	The unlikely couple was photographed holding hands while celebrating Perryâ€™s birthday at Crazy Horse in Paris.	It looks like Katy Perry and Justin Trudeauâ€™s little fling is turning into something more. The duo made their first public appearance on Saturday night in Par...
Trudeau to host last minute Canada-U.S. summit amid threat of Trump tariffs	The Prime Minister's Office says the event will assemble Canadian trade and business leaders, along with organized labour, to discuss strategies to grow the eco...	Prime Minister Justin Trudeau will host a Canada-U.S. economic summit in Toronto on Friday, days after President Donald Trump said he would hold off on his thre...
Canada: Justin Trudeau to shuffle his Cabinet Friday amid resignation calls and rising discontent	Canadian Prime Minister Justin Trudeau is facing pressure to resign amid rising discontent and the departure of key Cabinet members.  A Cabinet shuffle is under...	"



(You can now subscribe to our

(You can now subscribe to our Economic Times WhatsApp channel

Embattled Canadian Prime Minister Justin Trudeau will shuffle ..."
Trudeau says Ukraine must be included in negotiations after exclusion from U.S.-Russia talks	Justin Trudeau says it's essential that Ukraine be included in peace negotiations after U.S. and Russian officials met to start discussing a possible end to the...	Prime Minister Justin Trudeau says it's essential that Ukraine be included in peace negotiations after U.S. and Russian officials met to start discussing a poss...
Trudeau pledges to help Torontoâ€™s struggling Santa Claus parade	Torontoâ€™s Santa Claus parade says â€œgrowing inflationary and operational costsâ€ have put the future of the parade in jeopardy.	Torontoâ€™s Santa Claus parade is gearing up to celebrate its 120th anniversary, but the organization says â€œgrowing inflationary and operational costsâ€ have...
Canada Liberals to elect new leader to replace Trudeau	Canadaâ€™s governing Liberals will announce a replacement for Prime Minister Justin Trudeau as the country deals with US President Donald Trumpâ€™s tariff threa...	Canadaâ€™s governing Liberals will announce a replacement for Prime Minister Justin Trudeau as the country deals with US President Donald Trumpâ€™s tariff threa...
'It's in his DNA...': What insiders say about ex-Canada PM Justin Trudeau, Katy Perry's romance	"One Canadian insider suggested the relationship reflects Trudeauâ€™s desire for fun and freedom after years in politics. ""Heâ€™s no longer carrying the weight o..."	"One Canadian insider suggested the relationship reflects Trudeauâ€™s desire for fun and freedom after years in politics. ""Heâ€™s no longer carrying the weight o..."
President Trump and Justin Trudeau hold call about Ukraine, border security after weeks of tension	President Donald Trump spoke with Canadian Prime Minister Justin Trudeau Saturday about the 4 Nations Face-Off hockey tournament and the war in Ukraine.	President Donald Trump spoke with Canadian Prime Minister Justin Trudeau Saturday about a variety of issues, ranging from the war in Ukraine to U.S. border secu...
EWC, Canada ETFs Rise Amid Trudeau Resignation	After nearly a decade as prime minister, Justin Trudeau will step down when a new Liberal Party leader is chosen.	"Canada Investing - Canadian Flag and Stocks

The iShares MSCI Canada ETF (EWC) rose 0.6% Monday as Canadian Prime Minister Justin Trudeau announced at a press c..."
Canadaâ€™s Trudeau urges US consumers to consider the harm of Trumpâ€™s tariff threats	Canadian Prime Minister Justin Trudeau has suggested that President-elect Donald Trumpâ€™s remarks about Canada becoming Americaâ€™s â€œ51st stateâ€ is distrac...	VANCOUVER, British Columbia (AP) â€” Canadaâ€™s outgoing Prime Minister Justin Trudeau on Sunday suggested that President-elect Donald Trumpâ€™s remarks about C...
Canadaâ€™s Trudeau urges U.S. consumers to consider the harm of Trumpâ€™s tariff threats	Outgoing Canadian PM Trudeau addresses Trump's tariff threats, emphasizing potential harm to U.S. consumers and trade relationship with Canada.	Canadaâ€™s outgoing Prime Minister Justin Trudeau on Sunday (January 12, 2025) suggested that President-elect Donald Trumpâ€™s remarks about Canada becoming Ame...
Trudeau cabinet retreat planned for Trump inauguration day - National	Trudeau's office says a cabinet retreat has been set for Jan. 20 and 21 to talk about defending Canadian interests in the face of Trump's tariff threat.	"Send this page to someone via email

Prime Minister Justin Trudeau and the federal cabinet are set to gather near the nationâ€™s capital next week as Donald Tru..."
Katy Perry Makes Cheeky Comment About Justin Trudeau Romance	Katy Perry seemingly addressed her and former Canadian Prime Minister Justin Trudeauâ€™s blossoming romance during her Lifetimes Tour concert stop in London.	"Watch : Katy Perry and Justin Trudeau Enjoy PDA-Filled Yacht Excursion

Katy Perry has turned her sights towards new shores.

After pictures of the â€œDark Hors..."
Who could replace Trudeau as Canadian prime minister, with Trump threatening tariffs?	There are several contenders to be the next Labor Party leader after Canadian Prime Minister Justin Trudeau announced his upcoming resignation.	Canada's Justin Trudeau announced his resignation as prime minister Monday, with his Liberal Party in turmoil amid declining poll numbers and an election on the...
Trudeau in Peru for APEC meeting as leaders seek to reinforce multilateralism	OTTAWA â€” Prime Minister Justin Trudeau is in Peru, kicking off five days of meetings with leaders from around the globe as the world braces for the looming re...	OTTAWA â€” Prime Minister Justin Trudeau is in Peru, kicking off five days of meetings with leaders from around the globe as the world braces for the looming re...
Trudeau in Peru for APEC meeting at a time of waning globilization	Prime Minister Justin Trudeau is in Peru, kicking off five days of meetings with leaders from around the globe as the world braces for the looming return of U.S...	Prime Minister Justin Trudeau is in Peru, kicking off five days of meetings with leaders from around the globe as the world braces for the looming return of U.S...
Did Trumpâ€™s win, call for US-Canada merger prompt PM resignation? Trudeau responds	US News: Canadian Prime Minister Justin Trudeau stated that President-elect Donald Trumpâ€™s talk of annexing Canada is a distraction from his proposed tariffs ...	"'A snowball's chance in hell,' Trudeau had responded to Trump's US-Canada merger earlier. (AP photo)

Trudeau responds to Trump needling him about annexing Cana..."
Justin Trudeau Thought Kissing Katy Perry Was a â€˜Privateâ€™ Moment, According to Source	"A source claimed that Justin Trudeau thought kissing Katy Perry was a ""private"" moment. Another suspected the singer ""staged"" the PDA photos."	Photos of Justin Trudeau kissing Katy Perry recently became the hot topic of discussion. Last week, the duo was spotted sharing a PDA moment on a luxury yacht. ...
Justin Trudeau spotted at Katy Perry's concert after dinner date; fuels romance rumours - WATCH	Former Canadian PM Justin Trudeau was spotted at Katy Perry's concert, intensifying romance rumors after their dinner date. Fans are buzzing about their recent ...	"Dinner and Drinks



Personal Lives

Just a day after former Canadian Prime Minister Justin Trudeau and pop star Katy Perry set tongues wagging with their intim..."
Trudeau heads to Europe to shore up alliances in face of Trump threats	Prime Minister Justin Trudeau will try to strengthen Canadaâ€™s trade and security ties over the next five days with European allies also facing threats from U....	Prime Minister Justin Trudeau will try to strengthen Canada's trade and security ties over the next five days with European allies also facing threats from U.S....
Trudeau meets with King Charles to discuss 'matters of importance to Canada'	Prime Minister Justin Trudeau met with King Charles on Monday to discuss	"Prime Minister Justin Trudeau met with King Charles on Monday to discuss ""matters of importance to Canada and to Canadians."" The meeting comes as questions swir..."
BREAKING NEWS: Canadian PM Trudeau says he will resign	"BREAKING NEWS: Canadian PM Trudeau says he will resign
								==Kyodo"	"KYODO NEWS - 38 minutes ago - 01:12 | Others

BREAKING NEWS: Canadian PM Trudeau says he will resign

==Kyodo"
Trudeau says heâ€™s â€˜proud of Canadiansâ€™ in video posted on his last day in office	Prime Minister Justin Trudeau issued a farewell message to Canadians today as he marks his last full day in office. In a video posted to X, Trudeau says heâ€™s ...	"Prime Minister Justin Trudeau issued a farewell message to Canadians today as he marks his last full day in office.

In a video posted to X, Trudeau says heâ€™s..."
After Trumpâ€™s â€˜Governorâ€™ jibe, 'feminist' Trudeau calls Kamala Harris loss â€˜attack on womenâ€™s progressâ€™	US News: Prime Minister Justin Trudeau criticizes the recent US political developments as setbacks for gender equality and Canadian-American relations, citing K...	Prime Minister Justin Trudeau has criticised recent political developments in the US, describing them as setbacks for both gender equality and Canadian-American...
â€˜Geekâ€™ Justin Trudeau in Disbelief â€˜Famousâ€™ Katy Perry Is Interested in Him, Source Claims	Katy Perry and Justin Trudeau are reportedly constantly communicating with one another amid their yacht photos going viral.	Katy Perry and Justin Trudeau seem to have confirmed their romance, as per new reports. The two sparked dating rumors following their dinner outing in Montreal....
Former Canadian Prime Minister Justin Trudeau has dinner with singer Katy Perry in Montreal	Former Canadian Prime Minister Justin Trudeau and Katy Perry have sparked speculation after dining together in Montreal. Neither Trudeau nor Perry's representat...	"MONTREAL (AP) â€” Former Canadian Prime Minister Justin Trudeau and Katy Perry had dinner together in Montreal this week.

A communications consultant for the r..."
Trudeau says Canada as 51st state is a â€˜non-starter,â€™ vows tariff response - National	'Canada will respond as appropriate in a calibrated but extremely strong way, regardless of what the U.S. moves forward with,' Prime Minister Justin Trudeau sai...	"Send this page to someone via email

Prime Minister Justin Trudeau said that President Donald Trumpâ€™s repeated remarks about Canada becoming the 51st U.S. sta..."
Trudeau says he joked about a trade for Vermont or California when Trump raised annexing Canada	Canadian Prime Minister Justin Trudeau said he jokingly suggested a trade for Vermont or California in response to President-elect Donald Trump's signaling an i...	Canadian Prime Minister Justin Trudeau said he jokingly suggested a trade for Vermont or California in response to President-elect Donald Trump's signaling an i...
Trump, Trudeau to meet at Mar-a-Lago amid tariff threats	The expected meeting comes after Trump threatened sweeping 25% tariffs on goods from Mexico and Canada.	Canadian Prime Minister Justin Trudeau is in Florida at Mar-a-Lago and is expected to meet with President-elect Donald Trump tonight, according to multiple sour...
Katy Perry, Justin Trudeau dine together in Montreal restaurant Le Violon	Breaking News, Sports, Manitoba, Canada	MONTREAL â€“ A Montreal restaurant says Justin Trudeau and pop star Katy Perry dropped by for a â€œchillâ€ meal together and were â€œkind and warmâ€ to staff....
Justin Trudeau tries to find a cure for 'inflationitis'	If the challenges posed by inflation were easy to overcome, more governments would have done so by now. Instead, a succession of elections have shown the curren...	"If the political and public policy challenges posed by inflation were easy to overcome, more governments would have done so by now.

Instead, recent elections h..."
Katy Perry & Justin Trudeau Relationship Timeline: Everything That's Happened So Far	Katy Perry & Justin Trudeau Relationship Timeline: Everything Thatâ€™s Happened So Far Rumors are swirling about Katy Perry and former Canadian Prime Minister J...	"Rumors are swirling about Katy Perry and former Canadian Prime Minister Justin Trudeau.

The 40â€‘yearâ€‘old â€œTeenage Dreamâ€ pop superstar and the 53â€‘year..."
Can Modi's G7 Canada Visit Smooth Over Ripples from Trudeau Era?	Prime Minister Carneyâ€™s invite to Prime Minister Narendra Modi, which saw some pushback from members of the separatist Canadian Sikh diaspora, signals a posit...	New Delhi and Ottawa came to a crescendo for much of 2024, after diplomatic ties went into a tailspin. The political brouhaha and fallout resulted from the time...
King Charles III welcomes Canadaâ€™s Trudeau for private talks at royal residence	Britainâ€™s King Charles III has given a warm welcome to Canadian Prime Minister Justin Trudeau as the two met for a private audience at the monarchâ€™s royal r...	LONDON (AP) â€” Britainâ€™s King Charles III gave a warm welcome to Canadian Prime Minister Justin Trudeau on Monday as the two met for a private audience at th...
Terry Newman: Justin Trudeau to America â€” we're actually better than you	Trudeau revealed to American Jake Tapper that Canada does, indeed, have a national identity â€” it's anything America is not	"This advertisement has not loaded yet, but your article continues below.

Terry Newman: Justin Trudeau to America â€” we're actually better than you Trudeau rev..."
Liberals will choose a new leader. Who are the possible candidates to replace Trudeau?	Top Liberals will soon be lining up for the party'sÂ â€”Â and country'sÂ â€”Â top job after Prime Minister Justin Trudeau announced that he will be resigning.Â ...	"Top Liberals will soon be lining up for the party's â€” and country's â€” top job after Prime Minister Justin Trudeau announced that he will be resigning.

Afte..."
Ex-Canadian PM Justin Trudeau, Katy Perry dating? Couple seen kissing, cuddling on yacht, pics surface	Something appears to be brewing between former Canadian Prime Minister Justin Trudeau and American singer Katy Perry as the duo was reportedly spotted kissing a...	Something appears to be brewing between former Canadian Prime Minister Justin Trudeau and American singer Katy Perry as the duo was reportedly spotted kissing a...
Canada's Justin Trudeau Likely To Resign Ahead Of Key Party Meeting This Week, Says Report		Canadian Prime Minister Justin Trudeau is reportedly considering stepping down as leader of the ruling Liberal Party after nine years in office, reported The Hi...
Katy Perry romance puts Justin Trudeau back in a familiar place, the global spotlight	Justin Trudeau's romance with pop star Katy Perry keeps Canada's former prime minister in the global spotlight as their relationship continues to heat up.	"NEW You can now listen to Fox News articles!

Justin Trudeau has never been one to shy away from the spotlight. From his latest romance with pop powerhouse Katy..."
Trudeau meets King Charles as he wraps up London visit - National	Trudeau was in London for a weekend security summit, making Canada the only non-European nation represented in talks on how to ensure a possible Ukraine ceasefi...	"Send this page to someone via email

Prime Minister Justin Trudeau is headed back to Ottawa, after ending his London visit with an audience with King Charles.

..."
Justin Trudeau launches Canada-U.S. council as Trumpâ€™s tariff threats loom	Canada-U.S. relations council formed to navigate potential tariffs under President Trump, with industry and political leaders on board.	Outgoing Canadian Prime Minister Justin Trudeau announced Thursday (January 16, 2025) the formation of a Canada-U.S. relations council to support the federal go...
ğŸŒŸ Katy Perry Spotted Dining with Justin Trudeau in Canadaâ€”Dinner, Diplomacy, or Dating Drama?	Pop queen meets political prince? Katy Perry and Justin Trudeau dine in Montreal, sparking buzz over possible sparks. Is it love, diplomacy, or just dessert?	Pop superstar Katy Perry, 40, and former Canadian Prime Minister Justin Trudeau, 53, caused a media stir after enjoying an intimate dinner in Montreal. Were the...
Premiers to meet with Trudeau Wednesday about trade and tariffs, Ford says	Ontario Premier Doug Ford says the country's premiers are meeting virtually Wednesday with the prime minister to discuss the threat of U.S. tariffs on Canadian ...	Ontario Premier Doug Ford says the country's premiers are meeting virtually Wednesday with the prime minister to discuss the threat of U.S. tariffs on Canadian ...
Premiers to meet with Trudeau Wednesday about trade and tariffs, Ford says	It comes two weeks after the premiers' last meeting with Trudeau, where they discussed how to respond Trump's tariff threat.	Ontario Premier Doug Ford says the countryâ€™s premiers are meeting virtually Wednesday with the prime minister to discuss the threat of U.S. tariffs on Canadia...
What's next for Justin Trudeau now that some of his own MPs want him gone?	Prime Minister Justin Trudeau faces an acute crisis as a growing number of his own MPs demand that he resign and accuse him of mismanaging his relationship with...	Prime Minister Justin Trudeau faces an acute crisis as a growing number of his own MPs demand that he resign and accuse him of mismanaging his relationship with...
DRAMA IN CANADA: Prime Minister Justin Trudeau May Resign	Sources tell CTV News Prime Minister Justin Trudeau is considering resigning or proroguing parliament and he may address parliament this afternoon.	Sources tell CTV News Prime Minister Justin Trudeau is considering resigning or proroguing parliament and he may address parliament this afternoon.
BREAKING: Trudeau to address Canadians as Liberal caucus pushes him to resign	Prime Minister Justin Trudeau will make an announcement about his future Monday morning at 10:45 a.m. ET.	"This advertisement has not loaded yet, but your article continues below.

BREAKING: Trudeau to address Canadians as Liberal caucus pushes him to resign Trudeau ..."
'Why is US giving Canada $100m a year?' Trump trolls Trudeau again with 51st state joke	US News: Donald Trump has repeatedly teased Canadian Prime Minister Justin Trudeau about making Canada the 51st US state. Trump claims the US subsidizes Canada	"'Governor of the Great State of Canada'



'If US is subsidising Canada then let them become state'



Trump's first joke on Trudeau over making Canada 51st sta..."
Justin Trudeau reportedly says Trumpâ€™s talk of making Canada a US state is â€˜a real thingâ€™	Prime Minister Justin Trudeau says President Donald Trumpâ€™s talk of making Canada the 51st state is â€œa real thingâ€ and is linked to the countryâ€™s rich n...	VANCOUVER, British Columbia (AP) â€” Prime Minister Justin Trudeau on Friday said President Donald Trumpâ€™s talk of making Canada the 51st U.S. state is â€œa r...
Tasha Kheiriddin: Justin Trudeau goes out blaming and betraying Canadians one more time	His departure was a pathetic exercise in self-pity that will do nothing to heal the divisions he created	"This advertisement has not loaded yet, but your article continues below.

Tasha Kheiriddin: Justin Trudeau goes out blaming and betraying Canadians one more tim..."
How Katy Perry Feels After Her Date With Justin Trudeau: Itâ€™s â€˜Uncharted Territoryâ€™	Katy Perry and Justin Trudeau were secretly in touch for a month leading up to their Montreal outing. Sources explain how Perry feels now about dating.	"THE RUNDOWN

One week after Katy Perry and Justin Trudeauâ€™s date, a source told Us Weekly that there is romantic potential between them.

The source detailed ..."
Poilievre pressed on his RCMP 'despicable' comments, denies saying Trudeau should have been jailed	The fallout over Conservative Leader Pierre Poilievre's comments about the RCMP and its leadership continued Wednesday as he sought to recast his assertion that...	The fallout over Conservative Leader Pierre Poilievre's comments about the RCMP and its leadership continued Wednesday as he sought to recast his assertion that...
Assembly of First Nations takes Trudeau to task over racism, rights and reconciliation	Prime Minister Justin Trudeau was pressed on everything from racism in policing, broken promises from 2015 and a lack of consultation on key pieces of proposed ...	Grieving mothers whose children were killed by police made emotional pleas for the prime minister to act on Thursday, as Justin Trudeau found himself on the def...
Katy Perry Caught On Camera Kissing Justin Trudeau â€” And Thatâ€™s Not Even The Weirdest Part	â€œThis wasnâ€™t on my 2025 bingo card,â€ one social media user said of photos of the pop star and the former Canadian prime minister canoodling on a yacht.	"LOADING ERROR LOADING

It seems someone took the â€œTeenage Dreamâ€ lyric, â€œIâ€™ma get your heart racing in my skin-tight jeans,â€ a little too seriously.

..."
Justin Trudeau spotted at Katy Perryâ€™s â€˜Lifetimesâ€™ tour after sparking romance rumors with dinner date	Justin Trudeau was spotted front and center at Katy Perry's sold-out	"8 Justin Trudeau was spotted front and center at Katy Perryâ€™s sold-out â€œLifetimesâ€ tour in Canada. TikTok / @avocado6713

Heâ€™s living out his Teenage Dr..."
Canada PM Justin Trudeau blames 'political right' and social media for global 'anti-incumbency movement'	"Canadian Prime Minister Justin Trudeau discussed his recent decision to resign while facing low approval ratings on MSNBCâ€™s â€œInside with Jen Psaki"" Sunday."	"Canadian Prime Minister Justin Trudeau argued Sunday that social media and the political right exacerbated ""culture wars and division"" to promote an ""anti-incum..."
Amid calls to resign, here's what Trudeau is doing today	A mid-day adjustment to Trudeau's itinerary was issued by the Prime Minister's Office and notes he will take part in the meeting virtually.	"A mid-day adjustment to Trudeau's itinerary was issued by the Prime Minister's Office and notes he will take part in the meeting virtually

Prime Minister Justi..."
Canada PM Trudeau prepares retaliation as Trumpâ€™s tariff threat looms	US News: Canadian Prime Minister Justin Trudeau is ready to take a strong stance against potential US tariffs, emphasizing a shared national response to avoid	"Justin Trudeau (File photo, AP)

Premiers meet with Trudeau in Ottawa to plan response to Trump's tariff threat

Canadian Prime Minister Justin Trudeau said on ..."
Is That a Wrap on Katy Perry and Justin Trudeau?	After former Canadian prime minister Justin Trudeau was spotted on a dinner date with Katy Perry last month, things between the rumored couple have reportedly ?...	"Photo-Illustration: by The Cut; Photos: Getty Images

Justin Trudeauâ€™s time as a KatyCat might be coming to an end. Last month, the former prime minister of C..."
Katy Perry and Justin Trudeau Are â€˜Interested in Each Otherâ€™	Pop star Katy Perry and former Canadian Prime Minister Justin Trudeau sparked romance rumors in July after being seen on what looked like a several dates in Mon...	"THE RUNDOWN

Katy Perry and Justin Trudeau were seen on several outings in MontrÃ©al.

Sources say they â€œhave a lot in common.â€

There are some challenges t..."
With Trudeau out, India seeks to mend ties with Canada	India on Friday said it hopes to rebuild ties with Canada based on 'mutual trust and sensitivity', blaming the downturn in the relations to the 'licence' that w...	India on Friday said it hopes to rebuild ties with Canada based on 'mutual trust and sensitivity', blaming the downturn in the relations to the 'licence' that w...
Diplo trolls fans with Justin Trudeau selfie after wild dating claim: â€˜The one that got awayâ€™	Diplo shared a selfie with Justin Trudeau after joking that he dated both him and Katy Perry.	"Diplo is poking fun at his viral joke that he dated both Katy Perry and Justin Trudeau.

The DJ shared a selfie with the former Prime Minister of Canada on Mond..."
