title,description,Typology,Potential Categories
Canada?s Justin Trudeau resigns,The resignation of Justin Trudeau comes amid the worst political crisis of his nine-year term as Canada?s prime minister,Resignation,Personal Life
Trudeau finished,"Canadian PM Justin Trudeau is finished - either this week, or at the election. Any tiny chance of victory has disappeared with the dramatic resignation of not j…",Canadian Politics,Resignation
Canada's Trudeau announces resignation,Canadian Prime Minister Justin Trudeau is stepping down after nearly a decade in office,Resignation,International Politics
Justin Trudeau Might Be the Only One Who Still Believes in Justin Trudeau,When stubbornness becomes a political strategy,Canadian Politics,Canadian Politics
Trump calls Trudeau ?a loser?,The US president has claimed that ?loser? Justin Trudeau has done a bad job governing Canada,US Relations,US Relations
"Sophie Gr‚goire Trudeau Breaks Silence on Justin Trudeau, Katy Perry Romance","Justin Trudeau?s estranged wife Sophie Gr‚goire Trudeau spoke about her ex?s life in the public eye following their separation in 2023, including his rumor...",Personal Life,
Trudeau Trump Meeting: Old video of Trudeau mocking Trump viral as Canada PM dines with President-elect,US News: A 2019 video of Justin Trudeau mocking Donald Trump has gone viral as the Canadian PM flew to Florida to meet President-elect Trump following Trump's,US Relations,
Former Canadian PM Trudeau visits Valais mountains,Former Canadian Prime Minister Justin Trudeau explores Zermatt with his son.,Personal Life,
Justin Trudeau Is a KatyCat,Former Canadian prime minister Justin Trudeau gleefully sang along to ?Firework? at Katy Perry?s ?Lifetimes? tour stop in Montreal.,Personal Life,
Trudeau blasts Trump?s ?dumb? tariffs,Canadian Prime Minister Justin Trudeau has condemned US President Donald Trump for imposing tariffs on Canadian imports,US Relations,
Trudeau Trump Meeting: Trump says meeting with Trudeau was very productive: 'I made it very clear that...',US News: Donald Trump described his meeting with Justin Trudeau as very productive while Trudeau said he had an excellent conversation with Trump. Trudeau flew,US Relations,
Canada's Prime Minister Justin Trudeau resigns,"In power since 2015, Trudeau said he would resign after a new leader of his Liberal Party is chosen.",Resignation,
Canadian PM Justin Trudeau Announces his Resignation,"Canadian Prime Minister Justin Trudeau has announced his resignation, telling the nation that ?internal battles? mean he ?cannot be the best option? in ...",Resignation,
Trump takes jab at 'governor' Trudeau,The president-elect referred to the 'great state' of Canada in a social media post.,US Relations,
"What? Justin Trudeau reunites with ex-wife Sophie Gr‚goire Trudeau and kids, after pictures with Katy Perry go viral-- Here's why","Justin Trudeau is reportedly dating Katy Perry, with intimate yacht photos fueling romance rumors. Amidst this, he reunited with ex-wife Sophie Gr‚goi",Personal Life,
Justin Trudeau and Katy Perry Dating Rumor,Justin Trudeau and Katy Perry Dating Rumor refers to a rumored relationship between former Canadian Prime Minister Justin Trudeau and American pop singer K,Personal Life,
Watch: Profile | Canadian Prime Minister Justin Trudeau,"Justin Trudeau resigned as Canada?s Prime Minister and Liberal Party leader on January 6th, 2025. His announcement came amid rising discontent over his leader...",Resignation,
Are Katy Perry and Justin Trudeau dating?,Photos of pop star and ex Canadian PM getting cosy on a yacht spark social media frenzy,Personal Life,
Trudeau may quit as Canadian PM ? media,Justin Trudeau is reportedly expected to step down as Liberal Party leader due to policy disputes,Resignation,
Justin Trudeau: Justin Trudeau trolled for 2011's 'porn site QR code problem' post. Here's what happened back then,US News: Canadian Prime Minister Justin Trudeau's 2011 social media post about a QR code mishap resurfaced amidst criticism of his attendance at a Taylor Swift,Personal Life,
Trudeau removes himself from the equation,"In announcing his intention to step away now, the prime minister creates two challenges ?ÿone for himself and one for his successor.",Resignation,
Katy Perry Reportedly Finds Justin Trudeau ?Attractive?,"A new report concerning dating rumors surrounding Justin Trudeau and Katy Perry has emerged. It alleges the pair has an ""easy connection.""",Personal Life,
Diplo Trolls Internet With Suspicious Justin Trudeau Selfie,"Diplo shares a selfie with Justin Trudeau and Katy Perry, as a playful jab at his former flame and her new partner.",Personal Life,
Is Justin Trudeau about to resign?,"Over the last two weeks, Prime Minister Justin Trudeau has faced new and growing calls to resign. Could he finally step down this week?",Resignation,
Canadian Prime Minister Justin Trudeau wins second term,Canadian Prime Minister Justin Trudeau won a second term Monday. Trudeau faced a close race against conservative Andrew Scheer following a series of scandals la...,Canadian Politics,
Canada's PM Justin Trudeau to step down,The embattled prime minister will leave office once a new leader is chosen.,Resignation,
"Katy Perry, Justin Trudeau Seen Kissing on Yacht",Pop star Katy Perry and former Canadian Prime Minister Justin Trudeau were seen engaging in some hot and heavy PDA while on the,Personal Life,
Trudeau exit shakes up Canadian politics,"OTTAWA - Justin Trudeau is resigning after more than nine years as Canada?s prime minister, bowing to dreadful polls and a rebellion within his governing Libe...",Resignation,
Trump Trolls Justin Trudeau After Canadian Finance Minister Resigns,President-elect Donald Trump trolled Canadian Prime Minister Justin Trudeau after Finance Minister Chrystia Freeland resigned.,US Relations,
"Assessing the Trudeau record, real and imagined",Declining support for the Liberal Party should not be confused with declining support for progressive policies that create communities where all can thrive.,Canadian Politics,
Trudeau reports ?excellent conversation? with Trump,Canadian Prime Minister Justin Trudeau says he has had an ?excellent conversation? with Donald Trump at his Mar-a-Lago club following the US president-elect...,US Relations,
Trudeau faces political crisis as Chrystia Freeland resigns,"In a letter to Trudeau, Chrystia Freeland said, ?For the last number of weeks, you and I have found ourselves at odds over the best path forward for Canada.?...",Canadian Politics,
"Trudeau prorogues Parliament, resigns as Liberal Party leader",Conservative Leader Pierre Poilievre has repeatedly stated that Trudeau lost government control and repeated calls for an election.,Resignation,
"Justin Trudeau: The Good, the Bad, and the Ugly","By quitting, Trudeau might just save the Liberals from an epic electoral disaster.",Resignation,
Canada?s PM Justin Trudeau Announces Resignation,The Canadian leader's popularity was seriously damaged by the recent resignation of former Deputy Prime Minister Chrystia Freeland of Toronto.,Resignation,
Justin Trudeau & Katy Perry: Romance rumours heat up,"Pictures of former Canada PM Justin Trudeau and pop star Katy Perry kissing on a yacht go viral, fueling romance rumours. Read more at straitstimes.com.",Personal Life,
Katy Perry Soft-Launched Justin Trudeau on Instagram,"About six months after she hard-launched into space, Katy Perry soft-launched her relationship with Justin Trudeau in a blink-and-you?ll-miss-it cameo in a vi...",Personal Life,
Justin Trudeau 'crazy' about 'perfect' Katy Perry,"Justin Trudeau 'crazy' about 'perfect' Katy Perry, sources tell Page Six. The pair were recently seen on their first public date in Paris.",Personal Life,
"Katy Perry, Justin Trudeau Spotted Kissing on Yacht",The popstar and former Canadian Prime Minister appear to have confirmed dating rumours,Personal Life,
Trudeau faces frustrated MPs after Chrystia Freeland's shock resignation,Prime Minister Justin Trudeau faced frustrated MPs at a hastilyÿarranged caucus meeting late Monday following Chrystia Freeland's shocking decision to resign f...,Canadian Politics,
Trudeau gets smiles with stern speech to President 'Donald',"Prime Minister Justin Trudeau struck an informal tone on Tuesday, addressing the U.S. president several times as just ?Donald? in a speech that was broadcas...",US Relations,
Trudeau goneburger,"Canadian PM Justin Trudeau is resigning this week, in advance of a no confidence vote in his Government he was going to lose. The majority of his MPs had called...",Resignation,
Katy Perry Spotted With Justin Trudeau,"Katy Perry was seen dining and bar-hopping in Montreal with Justin Trudeau, sparking dating rumors just weeks after her split from Orlando Bloom. Here?s every...",Personal Life,
Trump Trudeau Dinner: Did Trump make Trudeau spend the night at a hotel? Here's the truth behind viral X post,US News: An X post that claimed that Donald Trump did not ask Justin Trudeau to stay at Mar-a-Lago at night after their dinner went viral with social media use,US Relations,
Why's Trudeau Sticking Out His Tongue?,Canada's outgoing Prime Minister Justin Trudeau carries his chair from the House of Commons on Parliament Hill in Ottawa.,Canadian Politics,
Justin Trudeau Attends Katy Perry Concert in Montreal,Justin Trudeau attended Katy Perry?s Montreal concert ? 2 days after being spotted having dinner and cozy drinks together.,Personal Life,
When will Canada hear from Justin Trudeau?,Trudeau leaves Canada in suspense as anxious Liberals urge him to go.,Canadian Politics,
"Maybe Canadians were the problem, not Trudeau",Canada has struggled to address key challenges for nearly a generation. This failure was bipartisan and it stems from stems from Canadians simply not wanting to...,Canadian Politics,
Canadian 'Governor' Trudeau Mocked After Announcing Plans to Resign,Americans soundly mocked Canadian Prime Minister Justin Trudeau on Monday after he announced plans to resign his post.,Resignation,
Trudeau spotted at Katy Perry concert days Montreal date,"Justin Trudeau was spotted in the crowd at Katy Perry?s concert in Montreal, days after duo dined together in the city.",Personal Life,
Justin Trudeau & Katy Perry ?Value Connections? ? Report,Sources close to Katy Perry have claimed that the singer is currently 'in a great place' with respect to her romance with Justin Trudeau.,Personal Life,
Sophie Gr‚goire Trudeau: All about the estranged wife of former Canadian PM caught in the middle of Justin Trudeau-Katy Perry romance,"Canadian Prime Minister Justin Trudeau's rumored romance with Katy Perry is gaining traction, with the pair recently vacationing together. This comes",Personal Life,
"Katy Perry & Justin Trudeau Click Really Well, Says ?Source?","Katy Perry and Justin Trudeau, who recently enjoyed a dinner night in Montreal, reportedly like ""chatting"" with one another.",Personal Life,
Katy Perry Jokes About Englishmen Amid Justin Trudeau Romance,"Katy Perry seemingly teased her romance with Justin Trudeau during her London concert, joking about her history with Englishmen and moving on",Personal Life,
Trudeau on the brink after chaotic day in Ottawa,Canada's politics were thrown into chaos after the sudden exit of the country's finance minister.,Canadian Politics,
Treasury Secretary Scott Bessent: Justin Trudeau Is a ?Numbskull?,"Secretary of the Treasury Scott Bessent called Canadian Prime Minister Justin Trudeau a ""numbskull"" on Thursday, in response toÿTrudeau declaring Canada will c...",Canadian Politics,
Canada will never join US ? Trudeau,US President Donald Trump has repeatedly suggested incorporating Canada as the 51st state,US Relations,
Quebec Liberal caucus wants Trudeau to resign: sources,"Quebec MPs are adding to the pressure on Prime Minister Justin Trudeau to step aside as leader. The province's caucus chair, St‚phane Lauzon, consulted with MP...",Canadian Politics,
Trudeau slams Trump's tariffs as stocks plunge,Canadian Prime Minister Justin Trudeau is calling out President Trump's tariffs levied. This comes as the stock markets show signs of panic among investors over...,US Relations,
Where does Justin Trudeau go without Chrystia Freeland?,"No minister is ever truly irreplaceable. But aside from Trudeau himself, no minister has been more central to this Liberal government than Freeland.ÿHer explos...",Canadian Politics,
Why Canada Fell Out of Love with Justin Trudeau,He promised sunny ways but left behind a divided country,Canadian Politics,
A timeline of Justin Trudeau and Katy Perry?s relationship,Former prime minister Justin Trudeau and pop star Katy Perry have been linked since this summer when they were spotted out together in Montreal. With a recent o...,Personal Life,
Justin Trudeau Attends Katy Perry 'Lifetimes' Concert in Montreal,Justin Trudeau attended Katy Perry's 'Lifetimes Tour' in Montreal days after the two were spotted walking her dog and dining together,Personal Life,
Ten (Other) Times Justin Trudeau Could Have Stepped Down,There have been a lot of scandals,Resignation,
Katy Perry & Justin Trudeau Pack on PDA in the Pacific,Katy Perry and a topless Justin Trudeau were spotted getting hot and heavy after months of rumored romance.,Personal Life,
Trudeau resigns as Liberal Party leader after growing pressure,Canadian Prime MinisterÿJustin Trudeauÿannounced his resignation on Jan. 6 in theÿface of rising discontentÿover his leadership and after theÿabrupt depart...,Resignation,
Trolls Have a Field Day over Trudeau-Perry Kiss,Netizens question both private integrity and public accountability of ex Canadian PM,Personal Life,
What will Canada's second Trudeau era leave behind?,It is impossible in the present to know what history will remember. But Justin Trudeau?s time as a maker of history is now within sight. It is not too early t...,Canadian Politics,
"Trudeau delivers Christmas message, thanks essential workers","Prime Minister Justin Trudeau, in a pre-recorded message, offered Christmas wishes and thanked all essential workers who were on the job so others could celebra...",Canadian Politics,
Trudeau: Canada ?will respond? if Trump imposes tariffs,"Canadian Prime Minister Justin Trudeau has warned of retaliatory measures if US President-elect Donald Trump imposes new tariffs, citing the success o",US Relations,
How Justin Trudeau won and lost the public's adoration,"In his early days as prime minister, Justin Trudeau was ""cool."" In the year that followed his majority sweep into power, he appeared in the pages of Vogue, on t...",Canadian Politics,
Trudeau to appear at Liberal fundraiser tonight,"Chrystia Freeland, Canada's finance minister, said in an explosive letter published Monday morning that she will quit cabinet. Follow along for live updates.",Canadian Politics,
"U.S.-Canada alliance stronger because of Trudeau, Biden says - National","The outgoing U.S. president listed a range of issues that he and Trudeau worked on together, 'from the COVID-19ÿpandemic, to climate change, toÿthe scourge of...",US Relations,
Canadian Prime Minister Justin Trudeau announces his resignation,"Canadian Prime Minister Justin Trudeau has announced his resignation, telling the media that ?internal battles? mean he ?cannot be the best option? in t...",Resignation,
Trudeau slams Trump?s ?dumb? tariffs as economic war on Canada,"Trudeau blasts Trump?s tariffs as an attack on Canada?s economy, warning of severe consequences for both nations.",US Relations,
Trudeau announces Canada-U.S. Economic Summit for Friday,"With the threat of punishing tariffs on pause but still hovering over the Canadian economy, Prime Minister Justin Trudeau announced the government will host a C...",US Relations,
Trudeau calls for calm in face of Trump's tariff threat,"Canadians need to remain calm in the face of U.S. president-elect Donald Trump?s threat to impose 25 per cent tariffs on all imports from Canada, Prime Minist...",US Relations,
Tariffs on Canada also postponed after Trump-Trudeau talks,"After agreeing with Mexico's Claudia Sheinbaum on a one-month pause for the imposition of 25% tariffs, US President Donald Trump reached an understanding Monday...",US Relations,
Why Donald Trump has a rocky relationship with Justin Trudeau?,"The relationship remains strained, with significant economic stakes for Canada. If tensions escalate further, the impact on Canada?s economy could be serious",US Relations,
Photo shows Justin Trudeau kissing Katy Perry on a yacht,"The former prime minister of Canada was seen kissing the Grammy-nominated pop star on her yacht off the coast of Santa Barbara, Calif.",Personal Life,
Justin Trudeau Subtly References Katy Perry With Fintastic Halloween Costume,Justin Trudeau paid subtle homage to Katy Perry amid the pair?s growing romance with his Halloween costume?an inflatable shark.,Personal Life,
Matthew Lau: Canada's Trudeau-induced economic coma,"No matter what metric you look at ? GDP, business investment, jobs, taxes, crime or identity politics ? the figures are grim",Canadian Politics,
Why is Justin Trudeau resigning? Explaining the Canadian PM's political woes,"A decade ago, Canadian Prime Minister Justin Trudeau was a shining figure in international diplomacy. Now he's resigning",Resignation,
Justin Trudeau resigns as Liberal leader: Follow live updates,Prime Minister Justin Trudeau has stepped down as Liberal leader. Follow along for live updates from CTVNews.ca.,Resignation,
Justin Trudeau Thirsts Over Katy Perry At Her Concert,"The internet is in a frenzy after seeing video footage of Justin Trudeau oogling Katy Perry at her ""Lifetimes Tour"" stop in Montreal July 30.",Personal Life,
Trudeau to step down as Canada's PM,,Resignation,
"Katy Perry, Justin Trudeau seen holding hands leaving Paris club",The pair's public appearance on the pop singer's 41st birthday has added fuel to growing speculation the two are in a relationship.,Personal Life,
Explainer: Why Canada's Justin Trudeau Is Under Pressure To Quit,Canadian Liberal Prime Minister Justin Trudeau is under increasing pressure to quit after Finance Minister Chrystia Freeland resigned over a policy clash on Mon...,Resignation,
What We Know About The Katy Perry-Justin Trudeau Dating Rumors,Rumors the pop star and ex-Canadian prime minister are dating heated up in recent days after pictures surfaced of the pair kissing and Perry dropped possible hi...,Personal Life,
Canadian Prime Minister Justin Trudeau announces plan to resign,"Justin Trudeau will end his nine years in power, following increasing pressure from his own party to step down.",Resignation,
Katy Perry ?Likes? Post Spoofing Her Romance With Justin Trudeau,Katy Perry dropped a 'like' on a parody post from 'The Onion' about her romance with former Canadian Prime Minister Justin Trudeau,Personal Life,
Justin Trudeau Attends Katy Perry?s Lifetimes Tour Amid Dating Rumors,"Justin Trudeau attended Katy Perry?s ?Lifetimes Tour in Montreal, Canada on July 30. Trudeau also brought his daughter, ?Ella-Grace, to the concert.",Personal Life,
Trudeau announces stepping down as Canada?s prime minister,He added that he is proud to have served Canada and its people,Resignation,
Trudeau plans on stacking Senate before retiring: source,"Prime Minister Justin Trudeau is planning a final wave of appointments to fill the 10 vacancies in the Senate before he retires in March, Radio-Canada has learn...",Canadian Politics,
Justin Trudeau says he'll resign as prime minister of Canada,"The development comes a month after Canada's deputy prime minister, Chrystia Freeland, resigned suddenly from Trudeau's cabinet.",Resignation,
Justin Trudeau announces he will resign as Canada's Prime Minister,Canadian Prime Minister Justin Trudeau has announced he will step down as leader of the ruling Liberals after nine years in office but will stay on in his post ...,Resignation,
"Justin Trudeau Exits Parliament Race, Ending His Political Career for Now",Radical leftist Prime Minister of Canada Justin Trudeau confirmed on Wednesday that he would not be running for a seat in Parliament.,Resignation,
"Major reshuffle as Trudeau faces party pressure, Trump taunts","Canadian Prime Minister Justin Trudeau on Friday shook up his cabinet, changing one-third of his team as political turmoil threatens his leadership and tensions...",US Relations,
Trudeau announces his resignation as Prime Minister of Canada,Justin Trudeau announced Monday his resignation as Prime Minister of Canada after nine years in office. His stepping down would become effective once the Libera...,Resignation,
Trudeau says Trump's Canada annexation threat 'a real thing',"Prime Minister Justin Trudeau told an economic summit Friday that President Donald Trump is serious about annexing Canada to access its natural resources, as hi...",US Relations,
Katy Perry and Justin Trudeau Pack on PDA During Yacht Outing,Katy Perry and Justin Trudeau were spotted kissing and cuddling on a yacht near Santa Barbara following her split from Orlando Bloom in June,Personal Life,
"Canada's Justin Trudeau faces internal revolt, calls for resignation grow",Rest of World News: Canadian Prime Minister Justin Trudeau faces mounting pressure to resign amid dwindling support within the Liberal Party. Following Deputy P...,Canadian Politics,
Biden says 'the world is better off' because of Trudeau,"U.S. President Joe Biden has issued a glowing review of Prime Minister Justin Trudeau's time in office, describing him as a man who left the world, the continen...",US Relations,
Katy Perry & Justin Trudeau Don?t Share the Same Feelings ? Source,Katy Perry is reportedly far more invested in her rumored romance with Justin Trudeau than the ex-Canadian prime minister is.,Personal Life,
"How does Canada define itself? 'We're not Americans,' Trudeau tells CNN",Prime Minister Justin Trudeau said Donald Trump's repeated digs about Canada becoming the 51st state are a distraction.,US Relations,
Will Justin Trudeau become first victim of Trump's tariff war?,US News: Canadian Deputy PM Chrystia Freeland's shocking resignation throws Prime Minister Justin Trudeau's government into turmoil amidst economic woes and US,US Relations,
"Canada's Justin Trudeau responds to Donald Trump's '51st state' jibe, calls him...",Trudeau called the comments a ?distraction tactic? and emphasised Canadians' pride in their national identity,US Relations,
Washington views Canada?s PM Trudeau as ?stalwart friend? of US ? official,"White House Press Secretary Karine Jean-Pierre added that the US would ""stand with"" all people of Canada as they elected a new leader",US Relations,
Race begins to replace Canadian PM Trudeau,"The race to be Canadian Prime Minister Justin Trudeau's successor kicked off on Tuesday, a day after he resigned amid a looming trade war with the United States...",Canadian Politics,
Trudeau expected to outline Canada?s response to Trump?s tariffs,Prime Minister Justin Trudeau is expected to take questions later this morning about how Canada will respond in the face of sweeping tariffs imposed by U.S. Pre...,US Relations,
Canada's Justin Trudeau Breaks Down On Camera During Farewell Speech,The glimpses of a teared-up Justin Trudeau marks one of his final moments as the Prime Minister of Canada before his Liberal Party chooses a new successor to ri...,Resignation,
Canada?s Trudeau Announces Intention to Resign as Prime Minister,"If elections were held today, the opposition Conservative Party would almost certainly take office.",Resignation,
Trudeau announces tariff deal with Trump,Canadian Prime Minister Justin Trudeau has confirmed duties suspension for at least 30 days,US Relations,
Katy Perry & Justin Trudeau Take Next Big Step in Relationship ? Source,Katy Perry and Justin Trudeau are reportedly planning to spend a romantic time together during the Christmas holiday.,Personal Life,
Canada PM Justin Trudeau could resign today?,The sheen has rubbed off the Prince Charming of international politics with predictions that he will resign today. From the Guardian: The Globe and Mail newspap...,Resignation,
"Trudeau, Biden discuss rule of law at Brazil G20 summit","Prime Minister Justin Trudeau spent his first day at the G20 leaders' summit Monday speaking in closed-door meetings about issues like continental trade, fighti...",International Politics,
Trudeau inviting premiers to Ottawa as Trump inauguration looms,Prime Minister Justin Trudeau is inviting provincial and territorial premiers to Ottawa next Wednesday to discuss Canada-U.S. relations.,Canadian Politics,
Trudeau has prorogued Parliament. Here?s what that means - National,Prime Minister Justin Trudeau said Gov. Gen. Mary Simon has agreed with his request to prorogue Parliament until March 24 as the Liberals hold a contest to repl...,Canadian Politics,
Trudeau trolls Trump after Canada bests USA at hockey,Canadian Prime Minister Justin Trudeau took a jab at President Trump after Canada's victory over the United States in an international hockey tournament.,US Relations,
Trudeau Quits: Canada faces political uncertainty and leadership change,Forty-three-year-old Trudeau?s positive political message and energetic Personality had helped the Liberals win a historic majority in Parliament in 2015.,Resignation,
Trudeau tells Canadians to ?put our politics aside? in Christmas message - National,Prime Minister Justin Trudeau struck a conciliatory and hopeful tone in his annual Christmas message as he faces growing calls to resign and questions about his...,Canadian Politics,
Trump wants Canada's economy to 'collapse' to make annexation 'easier': Justin Trudeau,US News: Canadian Prime Minister Justin Trudeau accuses US President Donald Trump of imposing tariffs to weaken Canada's economy and facilitate annexation. Thi,US Relations,
Trudeau calls idea of banning Trump from Canada ?irresponsible?,"Trudeau said he sees the idea of banning Trump as an ""irresponsible"" approach to governance and dialogue with other nations.",US Relations,
Trudeau Dancing as Antisemites Burn Down Montreal,"Demonstrators set vehicles on fire, vandalized property, and burned an effigy of Prime Minister Benjamin Netanyahu.",Canadian Politics,
"Over in Canada, PM Trudeau bites the dust","Donald Trump excels in every field, including surrealism. Leonard Cohen sang ""First we take Manhattan, then we take Berlin!"", but it",Canadian Politics,
Trudeau resigns after nearly a decade of environmental impact,"Canadian Prime Minister Justin Trudeau has overseen major advances in environmental law, as well as buying a pipeline",Resignation,
Trudeau announces he will resign as Canada's prime minister,"Justin Trudeau, Canada's longtime prime minister, announced he intends to resign as prime minister and head of his party. Trudeau faced growing opposition in Ca...",Resignation,
"Trudeau set to step down as leader, Globe reports","Breaking News, Sports, Manitoba, Canada",Resignation,
Katy Perry Subtly Debuts Justin Trudeau on Her Instagram,Katy Perry shared a clip celebrating her birthday on Instagram that features former Canadian Prime Minister Justin Trudeau.,Personal Life,
Trudeau calls tariffs dumb; says Trump wants to ruin Canadian economy,Canadian Prime Minister Justin Trudeau told U.S. President Donald Trump on Tuesday that his tariffs on Canadian imports were,US Relations,
"Justin Trudeau Says 'Made Mistakes' On Immigration, Plans Big Change","In a recent video message, Trudeau stated that Canada's population has grown rapidly over the past two years, but this growth has also been accompanied by explo...",Canadian Politics,
Justin Trudeau Is ?Much Happier Now? With Katy Perry ? Source,Sources reportedly revealed that former Canadian Prime Minister Justin Trudeau's life has,Personal Life,
Canada PM Trudeau bows out with resignation announcement amid plunging popularity,Says parliament will be suspended until March.,Resignation,
Potential scenarios for Prime Minister Justin Trudeau and the Liberals,"OTTAWA ? The Liberal government was thrown into disarray this week when Chrystia Freeland stepped down from cabinet as finance minister, reviving calls for Pr...",Canadian Politics,
"Katy Perry, Justin Trudeau Still Privately Seeing Each Other (Excl)","Katy Perry and former Canadian Prime Minister Justin Trudeau are still dating, multiple sources exclusively tell Us Weekly",Personal Life,
Justin Trudeau to resign as Canada's prime minister - what happens now?,The Canadian prime minister is stepping down after nine years at the helm. What happens now - and what led to his departure?,Resignation,
"Trump trolls Justin Trudeau as ""governor"" of the ""great state"" of Canada",President-elect Donald Trump and Canadian Prime Minister Justin Trudeau recently had dinner at Mar-a-Lago.,US Relations,
Canada's Trudeau announces tariffs on US in retaliation for Trump's tariffs,"Canada will retaliate against President Donald Trump's new tariffs by imposing 25 percent tariffs U.S. goods from drinks to appliances, Prime Minister Justin Tr...",US Relations,
Justin Trudeau is resigning. Here?s what comes next.,A cost-of-living crisis and conflict in the Liberal Party mean the resignation?s not a surprise.,Resignation,
Trudeau says G20 leaders' statement on Ukraine is not strong enough,Prime Minister Justin Trudeau said Tuesday the final leaders' statement from the G20 summit in Brazil is not strong enough on the war in Ukraine.,International Politics,
Canada?s Trudeau faces increasing pressure from his own MPs to quit,"?There is no alternative but to have the leadership change now,? says Liberal party legislator Chandra Arya.",Canadian Politics,
Montreal Liberal MP Anthony Housefather says Trudeau should resign,"Montreal MP Anthony Housefather has joined the number of Liberals who are calling on Prime Minister Justin Trudeau to step aside, saying Monday that he believes...",Canadian Politics,
Jamie Sarkonak: Justin Trudeau resigns a failure,"Many Canadians wanted his soft-on-crime promises, multicultural utopianism and energy stagnation. They just didn't like getting it",Resignation,
Trump calls Florida meeting with Trudeau productive amid stiff tariff threat,"Trump says he and Trudeau discussed the drug crisis, particularly fentanyl, illegal immigration, as well as trade, energy and the Arctic",US Relations,
Katy Perry and Justin Trudeau Have Dinner Date in Montreal,Katy Perry and former Canadian Prime Minister Justin Trudeau are both newly single and were spotted dining together at a posh Montreal restaurant.,Personal Life,
Watch Justin Trudeau Support Katy Perry at Her Concert After Their Date,Former Canadian Prime Minister Justin Trudeau was seen dancing at Katy Perry's concert after the two went on an intimate dinner date.,Personal Life,
"Go woke, go broke: How Justin Trudeau lost his mojo","Rest of World News: Explore the rise and fall of Justin Trudeau, examining his early success, missteps, and the impact of economic challenges on his political l...",Personal Life,
Kelly McParland: Trudeau hands over a disgruntled country,"He leaves in his wake a nation divided, unsettled, abnormally pessimistic and uncertain of its place in the world",Canadian Politics,
Ontario Liberal MPs want Justin Trudeau to step down: sources,"At a virtual meeting of the Ontario Liberal caucus on Saturday morning, more than 50 Liberal MPs came to a consensus that Prime Minister Justin Trudeau needs to...",Canadian Politics,
Katy Perry and Justin Trudeau PDA session confirms romance rumors,Katy Perry and Justin Trudeau display romance with PDA aboard the singer's yacht Caravelle off the Santa Barbara coast in newly obtained photos.,Personal Life,
Trudeau noncommittal on expanding rebate beyond 'working Canadians',"Prime Minister Justin Trudeau does not appear willing to budge on his plan to send a $250 rebate to 'hardworking Canadians,' despite pressure from the oppositio...",Canadian Politics,
Poilievre says RCMP covered up Trudeau-era scandals,"Breaking News, Sports, Manitoba, Canada",Canadian Politics,
Katy Perry?s Cheeky Comment Suggests She May Be Engaged To Justin Trudeau,Katy Perry made an interesting comment to a fan suggesting she's in a romantic relationship with former Canadian prime minister Justin Trudeau.,Personal Life,
Trudeau rushes over to London to discuss Trump with King Charles III,Canadian Prime Minister Justin Trudeau traveled to Britain to discuss with King Charles III at Sandringham Estate the ongoing crisis with US President Donald Tr...,US Relations,
"Katy Perry Was ?Scared? to Date Justin Trudeau, Says Source","Justin Trudeau and Katy Perry are reportedly dating, and apparently, the singer was scared to date the politician, says a source.",Personal Life,
Katy Perry and Justin Trudeau Take Their Relationship Public,"After months of speculation, Katy Perry and Justin Trudeau make their relationship official with their first public outing as a couple.",Personal Life,
Justin Trudeau attends Taylor Swift show in Toronto with family members,Prime Minister Justin Trudeau was among the fans checking out Taylor Swift's second-last Toronto show on Friday evening.,Personal Life,
Justin Trudeau 'Much Happier' In New Relationship With Katy Perry: Report,Recent reports indicate that former Canadian Prime MinisterÿJustin Trudeauÿis in a new relationship with singerÿKaty Perryÿand is much happier as a result.,Personal Life,
"Did Trudeau Really Make A Counter-Offer For ""Parts"" Of Canada With Trump?",Canadian Prime Minister Justin Trudeau revealed that he jokingly suggested trading Vermont or California to President-elect Donald Trump in response to Trump's ...,US Relations,
"Internal battles, public anger and party conflict: The downfall of Justin Trudeau","When Canadian Prime Minister Justin Trudeau was catapulted to power in 2015, he was regarded as a fresh face who could bring positive change. Now, his approval ...",Canadian Politics,
Trudeau says Kamala Harris's election loss was a setback for women's progress,Prime Minister Justin Trudeau said Tuesday that Kamala Harris's loss in the U.S. presidential election was a setback for women's progress ? and cited several ...,US Relations,
Trudeau says Canada will push back on U.S. tariffs with Trump administration,"Trump signed an executive order Monday to implement 25 per cent tariffs on all steel and aluminum imports into the U.S., beginning March 12.",US Relations,
WATCH: Trudeau Resigns as Prime Minister of Canada,"After he was rocked by high-profile resignations and internal warfare Trudeau says: ""I intend to resign as party leader as PM after the party selects its",Resignation,
Trudeau promises border helicopters at ?very productive? Trump meeting: source - National,"On Friday evening, Trudeau landed in Florida and travelled to Trump's Mar-a-Lago club for a hastily arranged dinner and discussion with president-elect.",US Relations,
Former Trudeau ally Freeland enters race to be Canada PM,"Canada's former deputy prime minister Chrystia Freeland launched her campaign Sunday to replace Justin Trudeau as Liberal Party leader and prime minister, pitch...",Canadian Politics,
?Proud Feminist? Trudeau Accused of Sexism in Rift with Ex-Trade Minister,Canadian Prime Minister Justin Trudeau is accused of sexism after scapegoating trade minister Chrystia Freeland and forcing her to resign.,Canadian Politics,
Trudeau to announce he's stepping down as Liberal leader: sources,Prime Minister Justin Trudeau is holding a news conference on Monday as questions swirl about his political future.,Resignation,
Katy Perry and Justin Trudeau spark romance rumours,Pop star Katy Perry and former Canadian Prime Minister Justin Trudeau have reportedly developed an ?instant connection?.,Personal Life,
Justin Trudeau faces leadership test as deputy PM Chrystia Freeland resigns,"Chrystia Freeland, who is also finance minister, left cabinet on Monday after clashing with Mr Trudeau on issues including how to handle possible Trump tariffs.",Canadian Politics,
"CP NewsAlert: Trudeau pledges light armoured vehicles, seized assets at Kyiv summit",KYIV ? Prime Minister Justin Trudeau has pledged 25 light armoured vehicles to Ukraine and to provide the country with $5 billion in seized Russian assets. Tr...,International Politics,
Canada could send troops to Ukraine ? Trudeau,Canadian PM Justin Trudeau has claimed that Ottawa is considering all possible options to secure and bolster Kiev?s positions against Moscow,International Politics,
Trudeau shuffling fresh faces into cabinet today to fill vacancies,Prime Minister Justin Trudeau is shuffling his cabinet this morning. He is expected to make several changes to his ministerial roster in a bid to inject some st...,Canadian Politics,
"Trump?s trade war will last for ?foreseeable future,? Trudeau says - National",Prime Minister Justin Trudeau added that U.S. President Donald Trump's trade war will continue for the 'foreseeable future' but Canada will 'not back down.',US Relations,
Trudeau attends Taylor Swift concert in Toronto with family,"Prime Minister Justin Trudeau was spotted in the crowd at the Taylor Swift concert Friday in Toronto with his family, his office confirmed.",Personal Life,
Trudeau to make first public remark following Freeland's resignation,"Chrystia Freeland, Canada's finance minister, said in an explosive letter published Monday morning that she will quit cabinet. Follow along for live updates.",Canadian Politics,
Trudeau vows to fight Trump?s tariffs,The Canadian prime minister has promised to retaliate against US duties on steel and aluminum,US Relations,
Is Justin Trudeau Ready to Take a Walk in the Snow?,Canada?s prime minister is under pressure from all directions to quit.,Canadian Politics,
Trudeau stands by Zelenskyy as London summit on European security ends,"Prime Minister Justin Trudeau says Moscow can't be trusted in any agreement to end its invasion of Ukraine, as European leaders craft plans to rely less on Wash...",International Politics,
Report: Justin Trudeau to Step Down as Party Leader this Week,Justin Trudeau will reportedly resign from his position as party leader this week amid conservative opposition and dismal approval ratings.,Resignation,
"Justin Trudeau, Facing Dissent Within His Party, Announces Resignation As PM",Justin Trudeau resigned today as the leader of his Liberal Party of Canada effectively ending his nine-year tenure as Canada's Prime Minister too. The move come...,Resignation,
"Yoon, Canada's Trudeau hold summit on sidelines of APEC","By Kim Eun-jung LIMA, Nov. 15 (Yonhap) -- President Yoon Suk Yeol and Canadian Prime Min...",International Politics,
Katy Perry & Justin Trudeau: Dinner date sparks romance speculation,"Justin Trudeau and Katy Perry were seen dining together at Montreal?s upscale Le Violon on July 28, 2025?sharing lobster, cocktails, and animated conversati...",Personal Life,
Trudeau to brief opposition leaders on Trump meeting,Prime Minister Justin Trudeau will meet with all opposition leaders today before question period to brief them about his meeting with U.S. president-elect Donal...,US Relations,
Katy Perry's Dinner With Justin Trudeau Turns Heads,It would be one of the more unusual romantic pairings in a while.  TMZ  spotted Katy Perry having dinner with former Canadian Prime Minister Justin Trudeau at a...,Personal Life,
"Katy Perry, Justin Trudeau make 1st public appearance as a couple - National",The pop superstar and the former Canadian prime minister took their romance public as they left a Paris restaurant hand in hand while paparazzi waited for them ...,Personal Life,
"Trudeau expected to step down this week, Globe and Mail reports",OTTAWA ? The Globe and Mail is reporting that Prime Minister Justin Trudeau is expected to announce he is stepping down as Liberal party leader as early as Mo...,Canadian Politics,
"N.S. Liberals commend Trudeau for announcing departure, say PM made 'right decision'","Nova Scotia Liberals praised Prime Minister Justin Trudeau on Monday for announcing his intention to step down as Liberal leader and prime minister, calling it ...",Resignation,
Katy Perry Is 'Very Happy' Amid 'Low-Key' Romance With Justin Trudeau,Katy Perry and Justin Trudeau's romance heats up as sources say Perry is very happy and keeping the relationship low-key while on tour,Personal Life,
"'It was the right decision': Quebec politicians, residents react to Trudeau resignation",Elected officials in Quebec were quick to react to the major announcement in Ottawa Monday about Prime Minister Justin Trudeau and the path forward for the fede...,Resignation,
Trudeau meets Trump in Florida as tariff threats loom,"Canadian Prime Minister Justin Trudeau traveled to Florida on Friday for a dinner with DonaldÿTrumpÿat the president-elect's Mar-a-Lago estate, as the incomin...",US Relations,
Justin Trudeau quits: How his focus on social policy will be his legacy,Toronto: Justin Trudeau has resigned after more than nine years as Canada's 23rd prime minister.Parliament will be prorogued and will resume sitting on March 24...,Resignation,
Canada to retaliate to US duties ? Trudeau,Prime minister said that Canada will be responding to the US trade action with 25% tariffs against Canadian $155 billion worth of American goods,US Relations,
Trudeau tried to exorcise family ghosts out west. His own spectre may linger,"Early on, the Liberal leader made a surprising breakthrough in the heart of conservative oil country. But he also triggered fresh bitterness with his climate po...",Canadian Politics,
Trudeau says Canada intends to push back on U.S. steel and aluminum tariffs,Prime Minister Justin Trudeau says Ottawa will work to convince U.S. President Donald Trump that his steel and aluminum tariffs will hurt both countries.,US Relations,
Trudeau makes his case to Canadians in year-end interview with comedian Mark Critch,"Through laughs and jokes, Prime Minister Justin Trudeau attempted to make his case to take the Liberals into the next election.",Canadian Politics,
Katy Perry & Justin Trudeau Spending Time With Her Daughter ? Source,"Katy Perry reportedly introduced Justin Trudeau to her daughter, Daisy Dove, after their romantic yacht getaway photos became viral.",Personal Life,
